time,posicao,pontos,prob_campeao,prob_libertadores,prob_sulamericana,prob_rebaixamento
Flamengo,1,60,100.0,100.0,0.0,0.0
Palmeiras,2,57,99.9,100.0,0.0,0.0
Athletico Paranaense,3,49,73.5,96.9,3.1,0.0
Fluminense,4,48,74.2,96.5,3.5,0.0
Bahia,5,46,27.8,78.6,21.3,0.0
Cruzeiro,6,45,17.1,64.9,35.1,0.0
Atlético Mineiro,7,40,3.4,23.8,76.2,0.1
Santos Fc,8,38,1.9,15.3,84.2,0.5
Coritiba SAF,9,38,0.2,3.8,94.1,2.1
Red Bull Bragantino,10,36,0.8,9.8,88.8,1.4
São Paulo,11,36,1.0,8.1,89.9,2.0
Botafogo,12,35,0.1,1.9,92.7,5.5
Vitória,13,33,0.0,0.0,64.5,35.4
Corinthians,14,32,0.0,0.0,60.6,39.4
Mirassol,15,32,0.0,0.1,68.7,31.2
Vasco da Gama Saf,16,31,0.0,0.2,73.9,26.0
Grêmio,17,29,0.0,0.0,27.9,72.1
Internacional,18,28,0.0,0.0,15.4,84.6
Remo,19,23,0.0,0.0,0.3,99.7
Chapecoense,20,18,0.0,0.0,0.0,100.0
